{
    "exp_dir": "/ais/gobi6/amlan/polygon/polyrnnpp_pytorch/ggnn_bs16_5_correction_t03_fine_tune_resnet_lr_5e-5_lr_decay_3",
    "mode": "train_ggnn",
    "lr": 5e-5,
    "lr_decay": 3,
    "weight_decay": 1e-5,
    "grad_clip": 40,
    "max_epochs": 200,
    "max_poly_len": 71,
    "print_freq": 20,
    "val_freq": 500,
    "fp_weight": 200,
    "dt_threshold": 2,
    "ggnn_n_steps":5,
    "ggnn_state_dim":1024,
    "ggnn_output_dim":15,
    "ggnn_grid_size": 112,
    "train_encoder":false,
    "correction_threshold":5,
    "temperature": 0.3,
    "use_bn_lstm": true,
    "return_attention": false,
    "train_attention": false,
    "use_evaluator": true,
    "use_separate_encoder":false,
    "use_correction":true,
    "use_ggnn": true,
    "encoder_reload": "/ais/gobi6/amlan/polygon/polyrnnpp_pytorch/resnet50.pth",
    "xe_initializer": "/ais/gobi6/amlan/polygon/polyrnnpp_pytorch/evaluator_t0.3_fix_training/checkpoints/epoch19_step56000.pth",
    "dataset": {
        "train" : {
            "debug":false,
            "data_dir": "/ais/gobi5/davidj/cityscapes_project/polyrnn/myWiki/datasets/cityscapes_final_v5",
            "batch_size":  16,
            "num_workers": 8,
            "min_poly_len": 3,
            "max_poly_len": 71,
            "min_area": 100,
            "sub_th": 0,
            "img_side": 224,
            "grid_side": 28,
            "skip_multicomponent": true,
            "flip": true,
            "random_start": true,
            "random_context": [0.1,0.2],
            "class_filter": [
                "car",
                "truck",
                "train",
                "bus",
                "motorcycle",
                "bicycle",
                "rider",
                "person"
            ]
        },
        "train_val" : {
            "debug":false,
            "data_dir": "/ais/gobi5/davidj/cityscapes_project/polyrnn/myWiki/datasets/cityscapes_final_v5",
            "batch_size": 16,
            "num_workers": 8,
            "min_poly_len": 3,
            "max_poly_len": 71,
            "min_area": 100,
            "sub_th": 0,
            "img_side": 224,
            "grid_side": 28,
            "skip_multicomponent": true,
            "flip": false,
            "random_start": false,
            "random_context": [0.15,0.15],
            "class_filter": [
                "car",
                "truck",
                "train",
                "bus",
                "motorcycle",
                "bicycle",
                "rider",
                "person"
            ]
        }
    }
}
